[{"model": "movie.genre", "pk": 1, "fields": {"name": "Action"}}, {"model": "movie.genre", "pk": 2, "fields": {"name": "Comedy"}}, {"model": "movie.genre", "pk": 3, "fields": {"name": "Drama"}}, {"model": "movie.genre", "pk": 4, "fields": {"name": "Sci-Fi"}}, {"model": "movie.genre", "pk": 5, "fields": {"name": "Horror"}}, {"model": "movie.genre", "pk": 6, "fields": {"name": "Romance"}}, {"model": "movie.genre", "pk": 7, "fields": {"name": "Adventure"}}, {"model": "movie.genre", "pk": 8, "fields": {"name": "Thriller"}}, {"model": "movie.genre", "pk": 9, "fields": {"name": "Animation"}}, {"model": "movie.genre", "pk": 10, "fields": {"name": "Fantasy"}}, {"model": "movie.genre", "pk": 11, "fields": {"name": "Action"}}, {"model": "movie.genre", "pk": 12, "fields": {"name": "Comedy"}}, {"model": "movie.genre", "pk": 13, "fields": {"name": "Drama"}}, {"model": "movie.genre", "pk": 14, "fields": {"name": "Sci-Fi"}}, {"model": "movie.genre", "pk": 15, "fields": {"name": "Horror"}}, {"model": "movie.genre", "pk": 16, "fields": {"name": "Romance"}}, {"model": "movie.genre", "pk": 17, "fields": {"name": "Adventure"}}, {"model": "movie.genre", "pk": 18, "fields": {"name": "Thriller"}}, {"model": "movie.genre", "pk": 19, "fields": {"name": "Animation"}}, {"model": "movie.genre", "pk": 20, "fields": {"name": "Fantasy"}}, {"model": "movie.genre", "pk": 21, "fields": {"name": "Biography"}}, {"model": "movie.genre", "pk": 22, "fields": {"name": "Crime"}}, {"model": "movie.genre", "pk": 23, "fields": {"name": "History"}}, {"model": "movie.genre", "pk": 24, "fields": {"name": "Mystery"}}, {"model": "movie.genre", "pk": 25, "fields": {"name": "War"}}, {"model": "movie.genre", "pk": 26, "fields": {"name": "Action"}}, {"model": "movie.genre", "pk": 27, "fields": {"name": "Comedy"}}, {"model": "movie.genre", "pk": 28, "fields": {"name": "Drama"}}, {"model": "movie.genre", "pk": 29, "fields": {"name": "Sci-Fi"}}, {"model": "movie.genre", "pk": 30, "fields": {"name": "Horror"}}, {"model": "movie.genre", "pk": 31, "fields": {"name": "Romance"}}, {"model": "movie.genre", "pk": 32, "fields": {"name": "Adventure"}}, {"model": "movie.genre", "pk": 33, "fields": {"name": "Thriller"}}, {"model": "movie.genre", "pk": 34, "fields": {"name": "Animation"}}, {"model": "movie.genre", "pk": 35, "fields": {"name": "Fantasy"}}, {"model": "movie.genre", "pk": 36, "fields": {"name": "Biography"}}, {"model": "movie.genre", "pk": 37, "fields": {"name": "Crime"}}, {"model": "movie.genre", "pk": 38, "fields": {"name": "History"}}, {"model": "movie.genre", "pk": 39, "fields": {"name": "Mystery"}}, {"model": "movie.genre", "pk": 40, "fields": {"name": "War"}}, {"model": "movie.director", "pk": 1, "fields": {"first_name": "Christopher", "last_name": "Nolan"}}, {"model": "movie.director", "pk": 2, "fields": {"first_name": "Quentin", "last_name": "Tarantino"}}, {"model": "movie.director", "pk": 3, "fields": {"first_name": "Steven", "last_name": "Spielberg"}}, {"model": "movie.director", "pk": 4, "fields": {"first_name": "Frank", "last_name": "Darabont"}}, {"model": "movie.director", "pk": 5, "fields": {"first_name": "Christopher", "last_name": "Nolan"}}, {"model": "movie.director", "pk": 6, "fields": {"first_name": "Quentin", "last_name": "Tarantino"}}, {"model": "movie.director", "pk": 7, "fields": {"first_name": "Steven", "last_name": "Spielberg"}}, {"model": "movie.director", "pk": 8, "fields": {"first_name": "Frank", "last_name": "Darabont"}}, {"model": "movie.cast", "pk": 1, "fields": {"first_name": "Tom", "last_name": "Hanks"}}, {"model": "movie.cast", "pk": 2, "fields": {"first_name": "Leonardo", "last_name": "DiCaprio"}}, {"model": "movie.cast", "pk": 3, "fields": {"first_name": "Ellen", "last_name": "Page"}}, {"model": "movie.cast", "pk": 4, "fields": {"first_name": "Joseph", "last_name": "Gordon-Levitt"}}, {"model": "movie.cast", "pk": 5, "fields": {"first_name": "Jamie", "last_name": "Foxx"}}, {"model": "movie.cast", "pk": 6, "fields": {"first_name": "Christoph", "last_name": "Waltz"}}, {"model": "movie.cast", "pk": 7, "fields": {"first_name": "John", "last_name": "Travolta"}}, {"model": "movie.cast", "pk": 8, "fields": {"first_name": "Uma", "last_name": "Thurman"}}, {"model": "movie.cast", "pk": 9, "fields": {"first_name": "Samuel L.", "last_name": "Jackson"}}, {"model": "movie.cast", "pk": 10, "fields": {"first_name": "Morgan", "last_name": "Freeman"}}, {"model": "movie.cast", "pk": 11, "fields": {"first_name": "Tim", "last_name": "Robbins"}}, {"model": "movie.cast", "pk": 12, "fields": {"first_name": "Bob", "last_name": "Gunton"}}, {"model": "movie.cast", "pk": 13, "fields": {"first_name": "Cilian", "last_name": "Murphy"}}, {"model": "movie.cast", "pk": 14, "fields": {"first_name": "Emily", "last_name": "Blunt"}}, {"model": "movie.cast", "pk": 15, "fields": {"first_name": "Matthew", "last_name": "McConaughey"}}, {"model": "movie.cast", "pk": 16, "fields": {"first_name": "Anne", "last_name": "Hathaway"}}, {"model": "movie.cast", "pk": 17, "fields": {"first_name": "Brad", "last_name": "Pitt"}}, {"model": "movie.cast", "pk": 18, "fields": {"first_name": "Edward", "last_name": "Norton"}}, {"model": "movie.cast", "pk": 19, "fields": {"first_name": "Kate", "last_name": "Winslet"}}, {"model": "movie.cast", "pk": 20, "fields": {"first_name": "Tom", "last_name": "Hanks"}}, {"model": "movie.cast", "pk": 21, "fields": {"first_name": "Leonardo", "last_name": "DiCaprio"}}, {"model": "movie.cast", "pk": 22, "fields": {"first_name": "Ellen", "last_name": "Page"}}, {"model": "movie.cast", "pk": 23, "fields": {"first_name": "Joseph", "last_name": "Gordon-Levitt"}}, {"model": "movie.cast", "pk": 24, "fields": {"first_name": "Jamie", "last_name": "Foxx"}}, {"model": "movie.cast", "pk": 25, "fields": {"first_name": "Christoph", "last_name": "Waltz"}}, {"model": "movie.cast", "pk": 26, "fields": {"first_name": "John", "last_name": "Travolta"}}, {"model": "movie.cast", "pk": 27, "fields": {"first_name": "Uma", "last_name": "Thurman"}}, {"model": "movie.cast", "pk": 28, "fields": {"first_name": "Samuel L.", "last_name": "Jackson"}}, {"model": "movie.cast", "pk": 29, "fields": {"first_name": "Morgan", "last_name": "Freeman"}}, {"model": "movie.cast", "pk": 30, "fields": {"first_name": "Tim", "last_name": "Robbins"}}, {"model": "movie.cast", "pk": 31, "fields": {"first_name": "Bob", "last_name": "Gunton"}}, {"model": "movie.cast", "pk": 32, "fields": {"first_name": "Cilian", "last_name": "Murphy"}}, {"model": "movie.cast", "pk": 33, "fields": {"first_name": "Emily", "last_name": "Blunt"}}, {"model": "movie.cast", "pk": 34, "fields": {"first_name": "Matthew", "last_name": "McConaughey"}}, {"model": "movie.cast", "pk": 35, "fields": {"first_name": "Anne", "last_name": "Hathaway"}}, {"model": "movie.cast", "pk": 36, "fields": {"first_name": "Brad", "last_name": "Pitt"}}, {"model": "movie.cast", "pk": 37, "fields": {"first_name": "Edward", "last_name": "Norton"}}, {"model": "movie.cast", "pk": 38, "fields": {"first_name": "Kate", "last_name": "Winslet"}}, {"model": "movie.movie", "pk": 11, "fields": {"title": "Inception", "year_released": 2010, "duration": 148, "description": "A mind-bending thriller.", "director": 1, "genre": [1, 3]}}, {"model": "movie.movie", "pk": 12, "fields": {"title": "Django Unchained", "year_released": 2012, "duration": 165, "description": "A story of revenge.", "director": 2, "genre": [1, 3]}}, {"model": "movie.movie", "pk": 13, "fields": {"title": "Catch Me If You Can", "year_released": 2002, "duration": 141, "description": "A true story about Frank Abagnale Jr.", "director": 3, "genre": [12, 3]}}, {"model": "movie.movie", "pk": 14, "fields": {"title": "Pulp Fiction", "year_released": 1994, "duration": 154, "description": "The lives of two mob hitmen...", "director": 2, "genre": [12, 3]}}, {"model": "movie.movie", "pk": 15, "fields": {"title": "The Shawshank Redemption", "year_released": 1994, "duration": 142, "description": "Over the course of several years...", "director": 4, "genre": [3]}}, {"model": "movie.movie", "pk": 16, "fields": {"title": "Fight Club", "year_released": 1999, "duration": 139, "description": "An insomniac office worker and a devil-may-care soapmaker...", "director": 5, "genre": [3]}}, {"model": "movie.movie", "pk": 17, "fields": {"title": "Interstellar", "year_released": 2014, "duration": 169, "description": "A team of explorers travel through a wormhole in space...", "director": 1, "genre": [3, 6, 4]}}, {"model": "movie.movie", "pk": 18, "fields": {"title": "Titanic", "year_released": 1997, "duration": 194, "description": "A seventeen-year-old aristocrat falls in love with a kind but poor artist...", "director": 6, "genre": [3, 6]}}, {"model": "movie.movie", "pk": 19, "fields": {"title": "Oppenheimer", "year_released": 2023, "duration": 180, "description": "The story of American scientist, J. Robert Oppenheimer...", "director": 1, "genre": [12, 13, 3]}}, {"model": "movie.movie", "pk": 20, "fields": {"title": "The Dark Knight Rises", "year_released": 2012, "duration": 164, "description": "Eight years after the Joker's reign of chaos...", "director": 1, "genre": [1, 3, 8]}}, {"model": "movie.moviecast", "pk": 53, "fields": {"movie": 11, "cast": 2, "role": "Cobb"}}, {"model": "movie.moviecast", "pk": 54, "fields": {"movie": 11, "cast": 3, "role": "Ariadne"}}, {"model": "movie.moviecast", "pk": 55, "fields": {"movie": 11, "cast": 4, "role": "Arthur"}}, {"model": "movie.moviecast", "pk": 56, "fields": {"movie": 12, "cast": 2, "role": "Calvin Candie"}}, {"model": "movie.moviecast", "pk": 57, "fields": {"movie": 12, "cast": 5, "role": "Django"}}, {"model": "movie.moviecast", "pk": 58, "fields": {"movie": 12, "cast": 6, "role": "Dr. King Schultz"}}, {"model": "movie.moviecast", "pk": 59, "fields": {"movie": 13, "cast": 2, "role": "Frank Abagnale Jr."}}, {"model": "movie.moviecast", "pk": 60, "fields": {"movie": 13, "cast": 1, "role": "Carl Hanratty"}}, {"model": "movie.moviecast", "pk": 61, "fields": {"movie": 14, "cast": 7, "role": "Vincent Vega"}}, {"model": "movie.moviecast", "pk": 62, "fields": {"movie": 14, "cast": 8, "role": "Mia Wallace"}}, {"model": "movie.moviecast", "pk": 63, "fields": {"movie": 14, "cast": 9, "role": "Jules Winnfield"}}, {"model": "movie.moviecast", "pk": 64, "fields": {"movie": 15, "cast": 10, "role": "Andy Dufresne"}}, {"model": "movie.moviecast", "pk": 65, "fields": {"movie": 15, "cast": 11, "role": "Ellis Boyd Redding"}}, {"model": "movie.moviecast", "pk": 66, "fields": {"movie": 15, "cast": 12, "role": "Warden Norton"}}, {"model": "movie.moviecast", "pk": 67, "fields": {"movie": 16, "cast": 13, "role": "Tyler Durden"}}, {"model": "movie.moviecast", "pk": 68, "fields": {"movie": 16, "cast": 14, "role": "The Narrator"}}, {"model": "movie.moviecast", "pk": 69, "fields": {"movie": 17, "cast": 15, "role": "Cooper"}}, {"model": "movie.moviecast", "pk": 70, "fields": {"movie": 17, "cast": 16, "role": "Brand"}}, {"model": "movie.moviecast", "pk": 71, "fields": {"movie": 18, "cast": 17, "role": "Rose DeWitt Bukater"}}, {"model": "movie.moviecast", "pk": 72, "fields": {"movie": 18, "cast": 2, "role": "Jack Dawson"}}, {"model": "movie.moviecast", "pk": 73, "fields": {"movie": 19, "cast": 13, "role": "J. Robert Oppenheimer"}}, {"model": "movie.moviecast", "pk": 74, "fields": {"movie": 19, "cast": 14, "role": "Kitty Oppenheimer"}}, {"model": "movie.moviecast", "pk": 75, "fields": {"movie": 19, "cast": 15, "role": "Leslie Groves"}}, {"model": "movie.moviecast", "pk": 76, "fields": {"movie": 20, "cast": 1, "role": "Bruce Wayne"}}, {"model": "movie.moviecast", "pk": 77, "fields": {"movie": 20, "cast": 18, "role": "Bane"}}, {"model": "movie.moviecast", "pk": 78, "fields": {"movie": 20, "cast": 16, "role": "Selina"}}, {"model": "user.user", "pk": "admin", "fields": {"password": "pbkdf2_sha256$600000$kO4vy1gcGAwT7OVEYQhf9c$Y4yJ3uIba+ZStEFWYNaTsgs60Qt0xI57YeX0zfczwzA=", "last_login": "2023-12-06T23:59:55.444Z", "is_superuser": false, "email": "", "is_staff": false, "is_active": true, "date_joined": "2023-12-06T23:59:44.695Z", "first_name": "John Ivan", "last_name": "Puayap", "groups": [], "user_permissions": []}}, {"model": "user.user", "pk": "user1", "fields": {"password": "pbkdf2_sha256$600000$7P9gwYw7C3618AjQvNt3Lt$/CVSIVMMt79qC3vuJrUEHCk/XC+OoV1YccC+lEzL/88=", "last_login": "2023-12-07T00:09:58.379Z", "is_superuser": false, "email": "", "is_staff": false, "is_active": true, "date_joined": "2023-12-07T00:09:57.648Z", "first_name": "user", "last_name": "one", "groups": [], "user_permissions": []}}, {"model": "user.user", "pk": "user2", "fields": {"password": "pbkdf2_sha256$600000$PDf3ESOgM0OONsBk3eNLRi$MkC3TyKxiUBKE0Iq+ZD30QQ/NJojjNvQgEbyMsyD1Pw=", "last_login": "2023-12-07T00:10:19.546Z", "is_superuser": false, "email": "", "is_staff": false, "is_active": true, "date_joined": "2023-12-07T00:10:18.775Z", "first_name": "user", "last_name": "two", "groups": [], "user_permissions": []}}, {"model": "review.review", "pk": 1, "fields": {"user": "admin", "movie": 11, "rating": 4, "description": "This movie is a great movie!"}}, {"model": "review.review", "pk": 2, "fields": {"user": "admin", "movie": 12, "rating": 5, "description": "This movie is an amazing movie!"}}, {"model": "review.review", "pk": 3, "fields": {"user": "user1", "movie": 11, "rating": 5, "description": "The Best Movie of I have seen of all time"}}, {"model": "review.review", "pk": 4, "fields": {"user": "user2", "movie": 11, "rating": 1, "description": "Overrated"}}]