[{"model": "movie.genre", "pk": 1, "fields": {"name": "Action"}}, {"model": "movie.genre", "pk": 2, "fields": {"name": "Adventure"}}, {"model": "movie.genre", "pk": 3, "fields": {"name": "Sci-Fi"}}, {"model": "movie.genre", "pk": 4, "fields": {"name": "Thriller"}}, {"model": "movie.genre", "pk": 5, "fields": {"name": "Crime"}}, {"model": "movie.genre", "pk": 6, "fields": {"name": "Drama"}}, {"model": "movie.genre", "pk": 7, "fields": {"name": "Comedy"}}, {"model": "movie.genre", "pk": 8, "fields": {"name": "Music"}}, {"model": "movie.genre", "pk": 9, "fields": {"name": "Musical"}}, {"model": "movie.genre", "pk": 10, "fields": {"name": "Romance"}}, {"model": "movie.genre", "pk": 11, "fields": {"name": "History"}}, {"model": "movie.genre", "pk": 12, "fields": {"name": "Biography"}}, {"model": "movie.director", "pk": 1, "fields": {"first_name": "Christopher", "last_name": "Nolan"}}, {"model": "movie.director", "pk": 3, "fields": {"first_name": "Damien", "last_name": "Chazelle"}}, {"model": "movie.director", "pk": 4, "fields": {"first_name": "James", "last_name": "Cameron"}}, {"model": "movie.director", "pk": 5, "fields": {"first_name": "Steven", "last_name": "Spielberg"}}, {"model": "movie.director", "pk": 6, "fields": {"first_name": "Frank", "last_name": "Darabont"}}, {"model": "movie.director", "pk": 7, "fields": {"first_name": "Quentin", "last_name": "Tarantino"}}, {"model": "movie.director", "pk": 8, "fields": {"first_name": "Robert", "last_name": "Zemeckis"}}, {"model": "movie.director", "pk": 9, "fields": {"first_name": "Francis", "last_name": "Ford Coppola"}}, {"model": "movie.director", "pk": 10, "fields": {"first_name": "Lana", "last_name": "Wachowski"}}, {"model": "movie.director", "pk": 11, "fields": {"first_name": "David", "last_name": "Fincher"}}, {"model": "movie.director", "pk": 12, "fields": {"first_name": "Greg", "last_name": "Mottola"}}, {"model": "movie.director", "pk": 13, "fields": {"first_name": "Paul", "last_name": "Feig"}}, {"model": "movie.director", "pk": 14, "fields": {"first_name": "Wes", "last_name": "Anderson"}}, {"model": "movie.director", "pk": 15, "fields": {"first_name": "Todd", "last_name": "Phillips"}}, {"model": "movie.director", "pk": 16, "fields": {"first_name": "Peter", "last_name": "Farrelly"}}, {"model": "movie.director", "pk": 17, "fields": {"first_name": "Adam", "last_name": "McKay"}}, {"model": "movie.director", "pk": 18, "fields": {"first_name": "Tim", "last_name": "Miller"}}, {"model": "movie.cast", "pk": 1, "fields": {"first_name": "Leonardo", "last_name": "DiCaprio"}}, {"model": "movie.cast", "pk": 2, "fields": {"first_name": "Joseph", "last_name": "Gordon-Levitt"}}, {"model": "movie.cast", "pk": 3, "fields": {"first_name": "Christian", "last_name": "Bale"}}, {"model": "movie.cast", "pk": 4, "fields": {"first_name": "Heath", "last_name": "Ledger"}}, {"model": "movie.cast", "pk": 5, "fields": {"first_name": "Ryan", "last_name": "Gosling"}}, {"model": "movie.cast", "pk": 6, "fields": {"first_name": "Emma", "last_name": "Stone"}}, {"model": "movie.cast", "pk": 7, "fields": {"first_name": "Kate", "last_name": "Winslet"}}, {"model": "movie.cast", "pk": 8, "fields": {"first_name": "Sam", "last_name": "Neill"}}, {"model": "movie.cast", "pk": 9, "fields": {"first_name": "Laura", "last_name": "Dern"}}, {"model": "movie.cast", "pk": 10, "fields": {"first_name": "Tim", "last_name": "Robbins"}}, {"model": "movie.cast", "pk": 11, "fields": {"first_name": "Morgan", "last_name": "Freeman"}}, {"model": "movie.cast", "pk": 12, "fields": {"first_name": "John", "last_name": "Travolta"}}, {"model": "movie.cast", "pk": 13, "fields": {"first_name": "Samuel", "last_name": "L. Jackson"}}, {"model": "movie.cast", "pk": 14, "fields": {"first_name": "Tom", "last_name": "Hanks"}}, {"model": "movie.cast", "pk": 15, "fields": {"first_name": "Robin", "last_name": "Wright"}}, {"model": "movie.cast", "pk": 16, "fields": {"first_name": "Marlon", "last_name": "Brando"}}, {"model": "movie.cast", "pk": 17, "fields": {"first_name": "Al", "last_name": "Pacino"}}, {"model": "movie.cast", "pk": 18, "fields": {"first_name": "Keanu", "last_name": "Reeves"}}, {"model": "movie.cast", "pk": 19, "fields": {"first_name": "Laurence", "last_name": "Fishburne"}}, {"model": "movie.cast", "pk": 20, "fields": {"first_name": "Liam", "last_name": "Neeson"}}, {"model": "movie.cast", "pk": 21, "fields": {"first_name": "Ben", "last_name": "Kingsley"}}, {"model": "movie.cast", "pk": 22, "fields": {"first_name": "Ralph", "last_name": "Fiennes"}}, {"model": "movie.cast", "pk": 23, "fields": {"first_name": "Jesse", "last_name": "Eisenberg"}}, {"model": "movie.cast", "pk": 24, "fields": {"first_name": "Andrew", "last_name": "Garfield"}}, {"model": "movie.cast", "pk": 25, "fields": {"first_name": "Justin", "last_name": "Timberlake"}}, {"model": "movie.cast", "pk": 26, "fields": {"first_name": "John", "last_name": "David Washington"}}, {"model": "movie.cast", "pk": 27, "fields": {"first_name": "Robert", "last_name": "Pattinson"}}, {"model": "movie.cast", "pk": 28, "fields": {"first_name": "Elizabeth", "last_name": "Debicki"}}, {"model": "movie.cast", "pk": 29, "fields": {"first_name": "Jonah", "last_name": "Hill"}}, {"model": "movie.cast", "pk": 30, "fields": {"first_name": "Michael", "last_name": "Cera"}}, {"model": "movie.cast", "pk": 31, "fields": {"first_name": "Christopher", "last_name": "Mintz-Plasse"}}, {"model": "movie.cast", "pk": 32, "fields": {"first_name": "Kristen", "last_name": "Wiig"}}, {"model": "movie.cast", "pk": 33, "fields": {"first_name": "Maya", "last_name": "Rudolph"}}, {"model": "movie.cast", "pk": 34, "fields": {"first_name": "Melissa", "last_name": "McCarthy"}}, {"model": "movie.cast", "pk": 35, "fields": {"first_name": "Tony", "last_name": "Revolori"}}, {"model": "movie.cast", "pk": 36, "fields": {"first_name": "Adrien", "last_name": "Brody"}}, {"model": "movie.cast", "pk": 37, "fields": {"first_name": "Bradley", "last_name": "Cooper"}}, {"model": "movie.cast", "pk": 38, "fields": {"first_name": "Ed", "last_name": "Helms"}}, {"model": "movie.cast", "pk": 39, "fields": {"first_name": "Zach", "last_name": "Galifianakis"}}, {"model": "movie.cast", "pk": 40, "fields": {"first_name": "Jim", "last_name": "Carrey"}}, {"model": "movie.cast", "pk": 41, "fields": {"first_name": "Jeff", "last_name": "Daniels"}}, {"model": "movie.cast", "pk": 42, "fields": {"first_name": "Lauren", "last_name": "Holly"}}, {"model": "movie.cast", "pk": 43, "fields": {"first_name": "Will", "last_name": "Ferrell"}}, {"model": "movie.cast", "pk": 44, "fields": {"first_name": "Christina", "last_name": "Applegate"}}, {"model": "movie.cast", "pk": 45, "fields": {"first_name": "Steve", "last_name": "Carell"}}, {"model": "movie.movie", "pk": 1, "fields": {"title": "Inception", "year_released": 2010, "duration": 148, "description": "A mind-bending thriller about dreams within dreams.", "director": 1, "genre": [1, 2, 3, 4]}}, {"model": "movie.movie", "pk": 8, "fields": {"title": "The Dark Knight", "year_released": 2008, "duration": 152, "description": "The Joker wreaks havoc on Gotham City.", "director": 1, "genre": [1, 5]}}, {"model": "movie.movie", "pk": 9, "fields": {"title": "La La Land", "year_released": 2016, "duration": 128, "description": "A romantic musical about aspiring artists in Los Angeles.", "director": 3, "genre": [7, 6, 8, 9, 10]}}, {"model": "movie.movie", "pk": 10, "fields": {"title": "Titanic", "year_released": 1995, "duration": 195, "description": "A love story set against the backdrop of the ill-fated RMS Titanic.", "director": 4, "genre": [6, 10]}}, {"model": "movie.movie", "pk": 11, "fields": {"title": "Jurassic Park", "year_released": 1993, "duration": 127, "description": "Dinosaurs run amok in a theme park.", "director": 5, "genre": [1, 2, 3, 4]}}, {"model": "movie.movie", "pk": 16, "fields": {"title": "The Shawnshank Redemption", "year_released": 1994, "duration": 142, "description": "Two imprisoned men bond over several years, finding solace and eventual redemption through acts of common decency.", "director": 6, "genre": [6]}}, {"model": "movie.movie", "pk": 17, "fields": {"title": "Pulp Fiction", "year_released": 1994, "duration": 154, "description": "The lives of two mob hitmen, a boxer, a gangster and his wife, and a pair of diner bandits intertwine in four tales of violence and redemption.", "director": 7, "genre": [5, 6]}}, {"model": "movie.movie", "pk": 18, "fields": {"title": "Forrest Gump", "year_released": 1994, "duration": 142, "description": "he presidencies of Kennedy and Johnson, the events of Vietnam, Watergate, and other historical events unfold through the perspective of an Alabama man with an IQ of 75.", "director": 8, "genre": [6, 10]}}, {"model": "movie.movie", "pk": 19, "fields": {"title": "The Godfather", "year_released": 1972, "duration": 175, "description": "The aging patriarch of an organized crime dynasty transfers control of his clandestine empire to his reluctant son.", "director": 9, "genre": [5, 6]}}, {"model": "movie.movie", "pk": 20, "fields": {"title": "The Matrix", "year_released": 1999, "duration": 136, "description": "A computer hacker learns about the true nature of his reality and his role in the war against its controllers.", "director": 10, "genre": [1, 3]}}, {"model": "movie.movie", "pk": 21, "fields": {"title": "Schinder's List", "year_released": 1993, "duration": 195, "description": "In German-occupied Poland during World War II, industrialist Oskar Schindler gradually becomes concerned for his Jewish workforce after witnessing their persecution by the Nazis.", "director": 5, "genre": [6, 11]}}, {"model": "movie.movie", "pk": 22, "fields": {"title": "The Social Network", "year_released": 2010, "duration": 120, "description": "Harvard student Mark Zuckerberg creates the social networking site that would become known as Facebook but is later sued by two brothers who claimed he stole their idea.", "director": 11, "genre": [12, 6]}}, {"model": "movie.movie", "pk": 23, "fields": {"title": "Tenet", "year_released": 2020, "duration": 150, "description": "A protagonist is armed with only one word—Tenet—and is fighting for the survival of the world as he journeys through a twilight world of international espionage on a mission that will unfold in something beyond real time.", "director": 1, "genre": [1, 3, 4]}}, {"model": "movie.movie", "pk": 24, "fields": {"title": "Superbad", "year_released": 2007, "duration": 113, "description": "Two co-dependent high school seniors are forced to deal with separation anxiety after their plan to stage a booze-soaked party goes awry.", "director": 12, "genre": [7]}}, {"model": "movie.movie", "pk": 25, "fields": {"title": "Bridesmaid", "year_released": 2011, "duration": 125, "description": "Competition between the maid of honor and a bridesmaid, over who is the bride's best friend, threatens to upend the life of an out-of-work pastry chef.", "director": 13, "genre": [7]}}, {"model": "movie.movie", "pk": 26, "fields": {"title": "The Grand Budapest Hotel", "year_released": 2014, "duration": 99, "description": "A quirky comedy revolving around the misadventures of a hotel concierge and his protégé as they get involved in the theft and recovery of a priceless Renaissance painting.", "director": 14, "genre": [7, 5]}}, {"model": "movie.movie", "pk": 27, "fields": {"title": "The Hangover", "year_released": 2009, "duration": 100, "description": "A bachelor party in Las Vegas turns into a wild adventure as a group of friends wakes up to discover the groom is missing, and they have no memory of the previous night's events.", "director": 15, "genre": [7]}}, {"model": "movie.movie", "pk": 28, "fields": {"title": "Dumb and Dumber", "year_released": 1994, "duration": 107, "description": "Two well-meaning but inept friends embark on a cross-country journey to return a briefcase to its rightful owner, leading to a series of hilarious misadventures.", "director": 16, "genre": [7]}}, {"model": "movie.movie", "pk": 29, "fields": {"title": "Anchorman: The Legend of Ron Burgundy", "year_released": 2004, "duration": 94, "description": "The adventures of a dim-witted but well-dressed news anchor and his equally clueless news team in the 1970s.", "director": 17, "genre": [7]}}, {"model": "movie.movie", "pk": 30, "fields": {"title": "Deadpool", "year_released": 2016, "duration": 108, "description": "A wisecracking mercenary with accelerated healing powers becomes the antihero Deadpool and seeks revenge on the man who nearly destroyed his life.", "director": 18, "genre": [1, 2, 7]}}, {"model": "movie.role", "pk": 1, "fields": {"movie": 1, "cast": 1, "role": "Cobb"}}, {"model": "movie.role", "pk": 2, "fields": {"movie": 1, "cast": 2, "role": "Arthur"}}, {"model": "movie.role", "pk": 3, "fields": {"movie": 8, "cast": 3, "role": "Batman"}}, {"model": "movie.role", "pk": 4, "fields": {"movie": 8, "cast": 4, "role": "Joker"}}, {"model": "movie.role", "pk": 5, "fields": {"movie": 9, "cast": 5, "role": "Sebastian"}}, {"model": "movie.role", "pk": 6, "fields": {"movie": 9, "cast": 6, "role": "Mia"}}, {"model": "movie.role", "pk": 7, "fields": {"movie": 10, "cast": 1, "role": "Jack"}}, {"model": "movie.role", "pk": 8, "fields": {"movie": 10, "cast": 7, "role": "Rose"}}, {"model": "movie.role", "pk": 9, "fields": {"movie": 11, "cast": 8, "role": "Dr. Grant"}}, {"model": "movie.role", "pk": 10, "fields": {"movie": 11, "cast": 9, "role": "Dr. Sattler"}}, {"model": "movie.role", "pk": 18, "fields": {"movie": 16, "cast": 10, "role": "Andy Dufresne"}}, {"model": "movie.role", "pk": 19, "fields": {"movie": 16, "cast": 11, "role": "Ellis Boyd Redding"}}, {"model": "movie.role", "pk": 20, "fields": {"movie": 17, "cast": 12, "role": "Vincent Vega"}}, {"model": "movie.role", "pk": 21, "fields": {"movie": 17, "cast": 13, "role": "Jules Winnfield"}}, {"model": "movie.role", "pk": 22, "fields": {"movie": 18, "cast": 14, "role": "Forrest Gump"}}, {"model": "movie.role", "pk": 23, "fields": {"movie": 18, "cast": 15, "role": "Jenny Curran"}}, {"model": "movie.role", "pk": 24, "fields": {"movie": 19, "cast": 16, "role": "Vito Corleone"}}, {"model": "movie.role", "pk": 25, "fields": {"movie": 19, "cast": 17, "role": "Michael Corleone"}}, {"model": "movie.role", "pk": 26, "fields": {"movie": 20, "cast": 18, "role": "Neo"}}, {"model": "movie.role", "pk": 27, "fields": {"movie": 20, "cast": 19, "role": "Morpheus"}}, {"model": "movie.role", "pk": 28, "fields": {"movie": 21, "cast": 20, "role": "Oskar Schindler"}}, {"model": "movie.role", "pk": 29, "fields": {"movie": 21, "cast": 21, "role": "Itzhak Stern"}}, {"model": "movie.role", "pk": 30, "fields": {"movie": 21, "cast": 22, "role": "Amon Goeth"}}, {"model": "movie.role", "pk": 31, "fields": {"movie": 22, "cast": 23, "role": "Mark Zuckerberg"}}, {"model": "movie.role", "pk": 32, "fields": {"movie": 22, "cast": 24, "role": "Eduardo Saverin"}}, {"model": "movie.role", "pk": 33, "fields": {"movie": 22, "cast": 25, "role": "Sean Parker"}}, {"model": "movie.role", "pk": 34, "fields": {"movie": 23, "cast": 26, "role": "The Protagonist"}}, {"model": "movie.role", "pk": 35, "fields": {"movie": 23, "cast": 27, "role": "Neil"}}, {"model": "movie.role", "pk": 36, "fields": {"movie": 23, "cast": 28, "role": "Kat"}}, {"model": "movie.role", "pk": 37, "fields": {"movie": 24, "cast": 29, "role": "Seth"}}, {"model": "movie.role", "pk": 38, "fields": {"movie": 24, "cast": 30, "role": "Evan"}}, {"model": "movie.role", "pk": 39, "fields": {"movie": 24, "cast": 31, "role": "Fogell (McLovin)"}}, {"model": "movie.role", "pk": 40, "fields": {"movie": 25, "cast": 32, "role": "Annie"}}, {"model": "movie.role", "pk": 41, "fields": {"movie": 25, "cast": 33, "role": "Lillian"}}, {"model": "movie.role", "pk": 42, "fields": {"movie": 25, "cast": 34, "role": "Megan"}}, {"model": "movie.role", "pk": 43, "fields": {"movie": 26, "cast": 22, "role": "M. Gustave"}}, {"model": "movie.role", "pk": 44, "fields": {"movie": 26, "cast": 35, "role": "Zero"}}, {"model": "movie.role", "pk": 45, "fields": {"movie": 26, "cast": 36, "role": "Dmitri"}}, {"model": "movie.role", "pk": 46, "fields": {"movie": 27, "cast": 37, "role": "Phil"}}, {"model": "movie.role", "pk": 47, "fields": {"movie": 27, "cast": 38, "role": "Stu"}}, {"model": "movie.role", "pk": 48, "fields": {"movie": 27, "cast": 39, "role": "Alan"}}, {"model": "movie.role", "pk": 49, "fields": {"movie": 28, "cast": 40, "role": "Lloyd"}}, {"model": "movie.role", "pk": 50, "fields": {"movie": 28, "cast": 41, "role": "Harry"}}, {"model": "movie.role", "pk": 51, "fields": {"movie": 28, "cast": 42, "role": "Mary Swanson"}}, {"model": "movie.role", "pk": 52, "fields": {"movie": 29, "cast": 43, "role": "Ron Burgundy"}}, {"model": "movie.role", "pk": 53, "fields": {"movie": 29, "cast": 44, "role": "Veronica Corningstone"}}, {"model": "movie.role", "pk": 54, "fields": {"movie": 29, "cast": 45, "role": "Brick Tamland"}}]